3.577400564476493,couch_quiet
3.5930545158493588,couch_quiet
3.68822486504124,couch_quiet
3.8562039491835565,couch_quiet
4.087336327457924,couch_quiet
4.402641135797824,couch_quiet
4.793111754526966,couch_quiet
5.280386321744146,couch_quiet
5.798254367403086,couch_quiet
6.411907157530805,couch_quiet
7.098688618008639,couch_quiet
7.823230926721458,couch_quiet
8.725679916393958,couch_quiet
9.588308988810345,couch_quiet
10.557392247238448,couch_quiet
12.017319011352464,couch_quiet
13.245760691665728,couch_quiet
14.495288304608769,couch_quiet
15.755272730086677,couch_quiet
17.01583182713398,couch_quiet
18.38948748113171,couch_quiet
19.754733138253535,couch_quiet
21.364373822744334,couch_quiet
22.82966828116053,couch_quiet
24.40785864552076,couch_quiet
26.030724589108537,couch_quiet
27.622278144057795,couch_quiet
29.39930161486348,couch_quiet
31.139213289271616,couch_quiet
32.83448005361516,couch_quiet
34.6362475473713,couch_quiet
36.46501679509059,couch_quiet
38.39862860204477,couch_quiet
40.19072774853586,couch_quiet
42.08113748817165,couch_quiet
43.98549843999654,couch_quiet
45.81702543000843,couch_quiet
48.49230697535472,couch_quiet
50.67018260066505,couch_quiet
52.59566348357235,couch_quiet
54.51656798855184,couch_quiet
56.42951083460936,couch_quiet
58.41349308107378,couch_quiet
60.218059193217,couch_quiet
62.08700362787751,couch_quiet
64.09423334345374,couch_quiet
65.8365102304979,couch_quiet
67.93967786752714,couch_quiet
69.7728873465203,couch_quiet
71.56834735395944,couch_quiet
73.25044587411799,couch_quiet
74.82139350401299,couch_quiet
76.48982557391358,couch_quiet
78.04157181449449,couch_quiet
79.60868303788853,couch_quiet
81.05794774922269,couch_quiet
82.4533247776642,couch_quiet
83.84942070535263,couch_quiet
85.12762157389788,couch_quiet
86.29361138293446,couch_quiet
87.45150849804452,couch_quiet
88.49896631293025,couch_quiet
89.61602165773155,couch_quiet
90.53305340379637,couch_quiet
91.38701251277837,couch_quiet
92.21112477412402,couch_quiet
92.9639133285406,couch_quiet
93.67229878347199,couch_quiet
94.27635601286755,couch_quiet
94.78496635356694,couch_quiet
95.24381987235353,couch_quiet
95.62776358062573,couch_quiet
95.94823994164119,couch_quiet
96.16997472892862,couch_quiet
96.3281405602483,couch_quiet
96.41119263366961,couch_quiet
96.42064023573388,couch_quiet
96.35337676361382,couch_quiet
96.21358311700664,couch_quiet
96.01157724029726,couch_quiet
95.72985287808594,couch_quiet
95.37703647629928,couch_quiet
94.93434178819808,couch_quiet
94.46290392941279,couch_quiet
93.90430450376499,couch_quiet
93.28003967686907,couch_quiet
92.62301171365957,couch_quiet
91.8073053665039,couch_quiet
91.03054988515703,couch_quiet
90.16149330974318,couch_quiet
89.2362631072807,couch_quiet
88.30073956867116,couch_quiet
87.22623970032555,couch_quiet
86.14615558612081,couch_quiet
85.0692365703353,couch_quiet
83.90004717257843,couch_quiet
82.74264421081361,couch_quiet
81.27353016961237,couch_quiet
80.0397111597746,couch_quiet
78.7173817658969,couch_quiet
77.36472131109286,couch_quiet
76.04516288129884,couch_quiet
74.51845426505918,couch_quiet
73.15389712774267,couch_quiet
71.70919727659589,couch_quiet
70.24892695591905,couch_quiet
68.8403432524928,couch_quiet
67.29367464761107,couch_quiet
65.80468697718216,couch_quiet
64.37703368860707,couch_quiet
62.88378424676286,couch_quiet
61.39271103479299,couch_quiet
59.84227117517727,couch_quiet
58.42867797037986,couch_quiet
56.96140900171028,couch_quiet
55.50768581814028,couch_quiet
54.132349057437466,couch_quiet
52.65168179430508,couch_quiet
51.25464289064584,couch_quiet
49.94078640746384,couch_quiet
48.59302103615265,couch_quiet
47.27396251850581,couch_quiet
45.930612471182144,couch_quiet
44.67717024916433,couch_quiet
43.51124739697272,couch_quiet
42.32875609231433,couch_quiet
41.234223986759986,couch_quiet
40.03580211264085,couch_quiet
39.022727482340656,couch_quiet
38.00670754309422,couch_quiet
37.036147843453286,couch_quiet
36.15152530374548,couch_quiet
35.236488751001176,couch_quiet
34.409621170807355,couch_quiet
33.66540486866419,couch_quiet
32.936958205304805,couch_quiet
32.28824016156788,couch_quiet
31.608716175996967,couch_quiet
31.06188178346631,couch_quiet
30.43556824467237,couch_quiet
29.979629501757067,couch_quiet
29.57649672024506,couch_quiet
29.212000365902057,couch_quiet
28.91625231491058,couch_quiet
28.682060635864683,couch_quiet
28.487651125497454,couch_quiet
28.349364905400943,couch_quiet
28.24796682439665,couch_quiet
28.20695563621029,couch_quiet
28.211383653056615,couch_quiet
28.259884396404203,couch_quiet
28.355724733688756,couch_quiet
28.50354917921802,couch_quiet
28.68960052794612,couch_quiet
28.90682453968647,couch_quiet
29.17345101772872,couch_quiet
29.47884856378322,couch_quiet
29.836976414432247,couch_quiet
30.409294834660898,couch_quiet
30.85616067560359,couch_quiet
31.335943086749698,couch_quiet
31.868204839534464,couch_quiet
32.40788660855564,couch_quiet
32.9491742188185,couch_quiet
33.48693594139891,couch_quiet
34.06790757984277,couch_quiet
34.66583519856324,couch_quiet
35.30536869269973,couch_quiet
35.90341247333417,couch_quiet
36.53845378512413,couch_quiet
37.181246531128224,couch_quiet
37.80121266165554,couch_quiet
38.48084503401354,couch_quiet
39.1330553587118,couch_quiet
39.755603565616866,couch_quiet
40.40291933826458,couch_quiet
41.04444330150899,couch_quiet
41.705328393102306,couch_quiet
42.30144283195797,couch_quiet
42.912693690584184,couch_quiet
43.50971421735376,couch_quiet
44.065638497657424,couch_quiet
44.67724795498705,couch_quiet
45.19595418749044,couch_quiet
45.71695179651994,couch_quiet
46.235599753243186,couch_quiet
46.6870568126438,couch_quiet
47.244822087409,couch_quiet
47.638034332525514,couch_quiet
48.06772190609152,couch_quiet
48.41487732780631,couch_quiet
48.72993923280095,couch_quiet
49.02339972854697,couch_quiet
49.26987808803098,couch_quiet
49.47307760690971,couch_quiet
49.65082248548382,couch_quiet
49.79255264472799,couch_quiet
49.90156436879224,couch_quiet
49.96629276714207,couch_quiet
49.99775418814307,couch_quiet
49.99210519962299,couch_quiet
49.951991840677685,couch_quiet
49.8696643435163,couch_quiet
49.753258942708015,couch_quiet
49.60790559885008,couch_quiet
49.42085343255401,couch_quiet
49.19851402117772,couch_quiet
48.92964877051419,couch_quiet
48.650901133542085,couch_quiet
48.32736610228948,couch_quiet
47.97201629186945,couch_quiet
47.603390666271004,couch_quiet
47.15179462106204,couch_quiet
46.72691272144279,couch_quiet
46.256629191927196,couch_quiet
45.7611725630369,couch_quiet
45.26517990894866,couch_quiet
44.67724795498705,couch_quiet
44.14020436868749,couch_quiet
43.58643316976214,couch_quiet
42.96520227194824,couch_quiet
42.38190685585542,couch_quiet
41.732640911804886,couch_quiet
41.09988234397329,couch_quiet
40.48697178820143,couch_quiet
39.84028654370496,couch_quiet
39.18973433229808,couch_quiet
38.50920096463441,couch_quiet
37.88602766384186,couch_quiet
37.237431820264526,couch_quiet
36.594074379649676,couch_quiet
35.98572256472791,couch_quiet
35.3323241226392,couch_quiet
34.71855533521335,couch_quiet
34.144985123479465,couch_quiet
33.56167314216036,couch_quiet
32.99728359663513,couch_quiet
32.430946949632734,couch_quiet
31.934178588609885,couch_quiet
31.439826098443817,couch_quiet
30.973110282355837,couch_quiet
30.554451588642323,couch_quiet
30.130791369327532,couch_quiet
29.75914201876649,couch_quiet
29.436876105864695,couch_quiet
29.136438620235154,couch_quiet
28.874993361365057,couch_quiet
28.64553453687217,couch_quiet
28.475584535440152,couch_quiet
28.340650741745595,couch_quiet
28.250759935331494,couch_quiet
28.20810013136362,couch_quiet
28.211094332843828,couch_quiet
28.263549476393273,couch_quiet
28.360026908204574,couch_quiet
28.510105872248175,couch_quiet
28.711207386417712,couch_quiet
28.976103807010627,couch_quiet
29.26877670784529,couch_quiet
29.62608770788325,couch_quiet
30.036103902527785,couch_quiet
30.47771149145386,couch_quiet
31.014554168988468,couch_quiet
31.582818673781922,couch_quiet
32.17538020595927,couch_quiet
32.845717339914614,couch_quiet
33.56749972777297,couch_quiet
34.37479657277507,couch_quiet
35.199512079918534,couch_quiet
36.03426806503257,couch_quiet
36.953943420166254,couch_quiet
37.92048684873038,couch_quiet
38.9776262507369,couch_quiet
39.98889775751131,couch_quiet
41.08782663171157,couch_quiet
42.227751631157986,couch_quiet
43.35485813530016,couch_quiet
44.67717024916432,couch_quiet
45.87540835115062,couch_quiet
47.16069369726976,couch_quiet
48.4771474564992,couch_quiet
49.7634453665145,couch_quiet
51.25464289064585,couch_quiet
52.59047535943539,couch_quiet
54.0081370402324,couch_quiet
55.444829938070555,couch_quiet
56.834421076769004,couch_quiet
58.556815967269614,couch_quiet
59.97118335602747,couch_quiet
61.457455521707246,couch_quiet
62.94868402587109,couch_quiet
64.37703368860707,couch_quiet
65.99917017998344,couch_quiet
67.4228840412002,couch_quiet
68.90458217262668,couch_quiet
70.376449176325,couch_quiet
71.77235576551165,couch_quiet
73.27868888380212,couch_quiet
74.70307026593994,couch_quiet
76.04516288129884,couch_quiet
77.4241241619712,couch_quiet
78.77552587434556,couch_quiet
80.15316861341365,couch_quiet
81.38410436144912,couch_quiet
82.63561530837708,couch_quiet
83.84824785372028,couch_quiet
84.96928997592417,couch_quiet
86.14615558612081,couch_quiet
87.22623970032555,couch_quiet
88.21331317141522,couch_quiet
89.19479533091305,couch_quiet
90.1224182985923,couch_quiet
91.03054988515703,couch_quiet
91.84131633354765,couch_quiet
92.6541251027952,couch_quiet
93.33688885069296,couch_quiet
93.98092357170182,couch_quiet
94.55323208726583,couch_quiet
95.0327787825318,couch_quiet
95.45972660375969,couch_quiet
95.81024400822521,couch_quiet
96.06331149979924,couch_quiet
96.27701967694261,couch_quiet
96.39421537823101,couch_quiet
96.42480637070497,couch_quiet
96.38082680322424,couch_quiet
96.26861576530601,couch_quiet
96.03684474718722,couch_quiet
95.67230450899817,couch_quiet
95.22542485938209,couch_quiet
94.65299465204515,couch_quiet
94.02276976013664,couch_quiet
93.2388437654503,couch_quiet
92.48110840031947,couch_quiet
91.64531341488197,couch_quiet
90.77225614956296,couch_quiet
89.82991353617018,couch_quiet
88.77423618480154,couch_quiet
87.74307323957505,couch_quiet
86.60176578205999,couch_quiet
85.39754740577175,couch_quiet
84.18858889669974,couch_quiet
82.74930887490677,couch_quiet
81.24305992999538,couch_quiet
79.80068914491514,couch_quiet
78.30652838099168,couch_quiet
76.83118428533778,couch_quiet
75.10282905286334,couch_quiet
73.53891347621249,couch_quiet
71.86368202482637,couch_quiet
70.15016807930516,couch_quiet
68.47806122551266,couch_quiet
66.22903062538907,couch_quiet
64.41277977353266,couch_quiet
62.651740740259825,couch_quiet
60.05464456689623,couch_quiet
57.7537717118346,couch_quiet
55.59899126125234,couch_quiet
53.43160090246617,couch_quiet
51.59142102956857,couch_quiet
49.41358533701754,couch_quiet
47.15345176022931,couch_quiet
45.06678101054419,couch_quiet
43.07318800882383,couch_quiet
41.09288512444364,couch_quiet
39.21107535474264,couch_quiet
37.34825925974019,couch_quiet
35.42823342726018,couch_quiet
33.53610193199765,couch_quiet
31.75231172169829,couch_quiet
29.699385391146034,couch_quiet
27.62227814405781,couch_quiet
25.745397982418865,couch_quiet
24.130104938662058,couch_quiet
22.627252551864313,couch_quiet
21.10279027265821,couch_quiet
19.628601845554773,couch_quiet
18.146588889746713,couch_quiet
16.207495362025902,couch_quiet
14.710078134292493,couch_quiet
13.449296818446205,couch_quiet
12.353627192276567,couch_quiet
11.18032344184029,couch_quiet
10.212608589440194,couch_quiet
9.267284122430361,couch_quiet
8.391187411393046,couch_quiet
7.619121236291923,couch_quiet
6.851565482316521,couch_quiet
6.190127996104539,couch_quiet
5.6261209796038685,couch_quiet
5.108929667551157,couch_quiet
4.666330069549504,couch_quiet
4.284434309404511,couch_quiet
4.006318474445092,couch_quiet
3.7892408100281134,couch_quiet
3.6520269830884606,couch_quiet
3.582009751445764,couch_quiet
3.588609792384387,couch_quiet
3.6707658089393247,couch_quiet
3.8182007016971244,couch_quiet
4.04356572657385,couch_quiet
4.34083681887725,couch_quiet
4.726553649257614,couch_quiet
5.1467423091341615,couch_quiet
5.652864615877531,couch_quiet
6.199591734980648,couch_quiet
6.835109416945623,couch_quiet
7.566136250337826,couch_quiet
8.329875372712987,couch_quiet
9.116461376176286,couch_quiet
9.995442173612718,couch_quiet
10.888445519208279,couch_quiet
11.962707499818896,couch_quiet
12.958132042371641,couch_quiet
14.046530004869272,couch_quiet
15.181254612064837,couch_quiet
16.307620841608447,couch_quiet
17.57932274213352,couch_quiet
18.837315357583766,couch_quiet
20.073997281348067,couch_quiet
21.399078242899872,couch_quiet
22.75423974031292,couch_quiet
24.19725342135003,couch_quiet
25.54316569088039,couch_quiet
26.97103500155352,couch_quiet
28.41720775949051,couch_quiet
29.814869922202668,couch_quiet
31.416793333414205,couch_quiet
32.835584464370825,couch_quiet
34.26015466873703,couch_quiet
35.75282631175363,couch_quiet
37.24600271463359,couch_quiet
38.80146380088466,couch_quiet
40.22216212966584,couch_quiet
41.69937853717333,couch_quiet
43.16557892323098,couch_quiet
44.55517006192944,couch_quiet
46.11593103116043,couch_quiet
47.470690203227285,couch_quiet
48.80557098740128,couch_quiet
50.177491106195255,couch_quiet
51.5228525435008,couch_quiet
52.89585240337968,couch_quiet
54.179732736005015,couch_quiet
55.37654069047408,couch_quiet
56.59308272955409,couch_quiet
57.772248368842,couch_quiet
58.96081764326989,couch_quiet
60.011102242488676,couch_quiet
61.06739159036569,couch_quiet
62.079513151269616,couch_quiet
63.004998625956674,couch_quiet
63.96573193496741,couch_quiet
64.83737187659136,couch_quiet
65.62520342722493,couch_quiet
66.39996116611103,couch_quiet
67.12396624276568,couch_quiet
67.82461979404071,couch_quiet
68.41718132621808,couch_quiet
68.98544583101152,couch_quiet
69.50106714675702,couch_quiet
69.94487159200692,couch_quiet
70.39054225379924,couch_quiet
70.7312232921547,couch_quiet
71.02389619298937,couch_quiet
71.27888186244762,couch_quiet
71.48221634606686,couch_quiet
71.645351610846,couch_quiet
71.74296381516649,couch_quiet
71.79385019778209,couch_quiet
71.78734289613315,couch_quiet
71.73689944787345,couch_quiet
71.6284377599994,couch_quiet
71.48925412255454,couch_quiet
71.3013479059171,couch_quiet
71.08241200821197,couch_quiet
70.81406472202006,couch_quiet
70.49281949402405,couch_quiet
70.14725683172512,couch_quiet
69.78389569072613,couch_quiet
69.37152989399529,couch_quiet
68.94779797797483,couch_quiet
68.43379190102591,couch_quiet
67.95490250978985,couch_quiet
67.42976609693133,couch_quiet
66.90601909952552,couch_quiet
66.33817727729158,couch_quiet
65.72592488461652,couch_quiet
65.1226335495883,couch_quiet
64.5325572911527,couch_quiet
63.904273131774694,couch_quiet
63.294514685687886,couch_quiet
62.59378075607009,couch_quiet
61.97250560442684,couch_quiet
61.349002065832636,couch_quiet
60.696946088182166,couch_quiet
60.0469060817684,couch_quiet
59.3731731139509,couch_quiet
58.7617931485096,couch_quiet
58.13109186672585,couch_quiet
57.53784124781109,couch_quiet
56.93010874881837,couch_quiet
56.311711385124696,couch_quiet
55.736212647608745,couch_quiet
55.203197443280985,couch_quiet
54.665968074852685,couch_quiet
54.172830888963354,couch_quiet
53.63894017010391,couch_quiet
53.19398203114135,couch_quiet
52.75517791259101,couch_quiet
52.34472777627411,couch_quiet
51.97986852906524,couch_quiet
51.614051273330446,couch_quiet
51.29615732002268,couch_quiet
51.02296324571967,couch_quiet
50.77050779467245,couch_quiet
50.56147105466571,couch_quiet
50.36321119844131,couch_quiet
50.21285416706983,couch_quiet
50.102179788075176,couch_quiet
50.03156860531094,couch_quiet
50.00224581185694,couch_quiet
50.008982389993065,couch_quiet
50.053334471418346,couch_quiet
50.1303356564837,couch_quiet
50.246741057291985,couch_quiet
50.399484916218526,couch_quiet
50.59708897283057,couch_quiet
50.81194290649558,couch_quiet
51.07035122948581,couch_quiet
51.362489714704026,couch_quiet
51.67263389771051,couch_quiet
52.04413825991227,couch_quiet
52.43147614585605,couch_quiet
52.848205378937976,couch_quiet
53.3932567223157,couch_quiet
53.848991426353706,couch_quiet
54.39437294204814,couch_quiet
54.8969214637754,couch_quiet
55.419078767007036,couch_quiet
55.9842428805689,couch_quiet
56.56728055130823,couch_quiet
57.32490784572663,couch_quiet
58.02244290490951,couch_quiet
58.67899278010249,couch_quiet
59.3731731139509,couch_quiet
60.04690608176839,couch_quiet
60.781930698609315,couch_quiet
61.462441700393526,couch_quiet
62.17052153143204,couch_quiet
62.81875346887176,couch_quiet
63.46154621487587,couch_quiet
64.12398642184374,couch_quiet
64.72156353241115,couch_quiet
65.33416480143676,couch_quiet
65.93209242015723,couch_quiet
66.48818774110622,couch_quiet
67.07482001318382,couch_quiet
67.77497832206522,couch_quiet
68.28401853856953,couch_quiet
68.82749922840517,couch_quiet
69.35287701441806,couch_quiet
69.78389569072613,couch_quiet
70.19435767566694,couch_quiet
70.5631238941353,couch_quiet
70.92377241894565,couch_quiet
71.18659081111129,couch_quiet
71.43658850827627,couch_quiet
71.58853115568358,couch_quiet
71.70404394166243,couch_quiet
71.7739478293548,couch_quiet
71.7965105564466,couch_quiet
71.7628210667041,couch_quiet
71.68034392621195,couch_quiet
71.54094055149449,couch_quiet
71.34620881887753,couch_quiet
71.11847766753735,couch_quiet
70.81579306038704,couch_quiet
70.4398343740681,couch_quiet
70.03899560764523,couch_quiet
69.585353628266,couch_quiet
69.00896034490364,couch_quiet
68.33919190841337,couch_quiet
67.65474099133965,couch_quiet
66.97092684167015,couch_quiet
66.13619884627705,couch_quiet
65.27271866473308,couch_quiet
64.27441507420853,couch_quiet
63.371321594723106,couch_quiet
62.46322776118171,couch_quiet
61.468779757741714,couch_quiet
60.47569023110981,couch_quiet
59.29914547665118,couch_quiet
58.223078658444905,couch_quiet
57.059051964439945,couch_quiet
55.856906657422996,couch_quiet
54.673137430203866,couch_quiet
53.346077820251686,couch_quiet
52.04155618828605,couch_quiet
50.7658342295134,couch_quiet
49.405167271194145,couch_quiet
48.019306558630596,couch_quiet
46.549010905863966,couch_quiet
45.181989061923105,couch_quiet
43.73570833648334,couch_quiet
42.27457514063855,couch_quiet
40.86560407659142,couch_quiet
39.18952832945407,couch_quiet
37.76494741225033,couch_quiet
36.27228493838313,couch_quiet
34.58445624148287,couch_quiet
33.15893686837074,couch_quiet
31.54546671914136,couch_quiet
29.94253398102512,couch_quiet
28.101416546922373,couch_quiet
26.596661697474495,couch_quiet
24.37954522207519,couch_quiet
22.813797461094985,couch_quiet
21.45739366959183,couch_quiet
20.130945039130705,couch_quiet
18.671148702947754,couch_quiet
17.310833376598268,couch_quiet
15.996590873330025,couch_quiet
14.731877436551937,couch_quiet
13.567472680034028,couch_quiet
12.499999999979384,couch_quiet
11.525583258883064,couch_quiet
10.3547004819951,couch_quiet
9.415730005156405,couch_quiet
8.609659963465328,couch_quiet
7.6945738012801055,couch_quiet
6.835109416945618,couch_quiet
6.095695496235029,couch_quiet
5.469158907737473,couch_quiet
4.90972068992033,couch_quiet
4.476509550392288,couch_quiet
4.102107418084591,couch_quiet
3.8349189912850523,couch_quiet
3.676011838970339,couch_quiet
3.5906428028746884,couch_quiet
3.582009751445761,couch_quiet
3.656772147546478,couch_quiet
3.81328452908182,couch_quiet
4.040186072620807,couch_quiet
4.327695491001823,couch_quiet
4.83060966696561,couch_quiet
5.3024520149045875,couch_quiet
5.899689639968614,couch_quiet
6.497357457509456,couch_quiet
7.193615868494602,couch_quiet
8.067489077008682,couch_quiet
8.916146577391196,couch_quiet
10.085427431187238,couch_quiet
11.27132953447682,couch_quiet
12.40216055395115,couch_quiet
13.551778240237212,couch_quiet
14.71007813429248,couch_quiet
16.09377380363038,couch_quiet
17.368764534776307,couch_quiet
18.69544068341255,couch_quiet
20.135504386087845,couch_quiet
21.62746487731168,couch_quiet
23.441727093608485,couch_quiet
24.967406068383784,couch_quiet
26.60516560542702,couch_quiet
28.283841512418185,couch_quiet
29.925155485142145,couch_quiet
31.829224135251376,couch_quiet
33.53610193199763,couch_quiet
35.348812551495456,couch_quiet
37.18728056627465,couch_quiet
38.966951987960925,couch_quiet
40.92857891078279,couch_quiet
42.82484525313018,couch_quiet
44.65054102497434,couch_quiet
46.568399097533806,couch_quiet
48.49230697535472,couch_quiet
50.502644770359424,couch_quiet
52.34470085541478,couch_quiet
54.266394531807535,couch_quiet
56.18056732777748,couch_quiet
58.00136848315496,couch_quiet
59.97288690711725,couch_quiet
61.84436486192577,couch_quiet
63.61501322534002,couch_quiet
65.4426745629668,couch_quiet
67.24319640127081,couch_quiet
69.08967329244285,couch_quiet
70.75033170715554,couch_quiet
72.45086181044132,couch_quiet
74.11209808457697,couch_quiet
75.66170704209742,couch_quiet
77.30536543806146,couch_quiet
78.8319558982009,couch_quiet
80.24526686174647,couch_quiet
81.6713930701772,couch_quiet
83.0426136996504,couch_quiet
84.41247094854526,couch_quiet
85.66459044179447,couch_quiet
86.80482521864985,couch_quiet
87.935004955923,couch_quiet
89.00018197149583,couch_quiet
90.04059628197426,couch_quiet
90.92910619464524,couch_quiet
91.78998213393379,couch_quiet
92.58011813663897,couch_quiet
93.26870541565651,couch_quiet
93.94397588281927,couch_quiet
94.51596225762549,couch_quiet
94.99364862617848,couch_quiet
95.41997585692684,couch_quiet
95.77125590169297,couch_quiet
96.0575719578419,couch_quiet
96.25500504073167,couch_quiet
96.37346427571894,couch_quiet
96.4239490162264,couch_quiet
96.39982304369532,couch_quiet
96.29567366730609,couch_quiet
96.12999447545388,couch_quiet
95.88577729685449,couch_quiet
95.56991607538019,couch_quiet
95.20175287073579,couch_quiet
94.72775769014282,couch_quiet
94.20404127345867,couch_quiet
93.64085810108193,couch_quiet
92.98855730287605,couch_quiet
92.2730258604233,couch_quiet
91.46096079554515,couch_quiet
90.6220588912989,couch_quiet
89.7659935596066,couch_quiet
88.81702554708806,couch_quiet
87.81509296437568,couch_quiet
86.71567145368877,couch_quiet
85.66181821445548,couch_quiet
84.51542852482163,couch_quiet
83.32596776603599,couch_quiet
82.15037278071762,couch_quiet
80.77261505647002,couch_quiet
79.52607361728806,couch_quiet
78.19153280097467,couch_quiet
76.52774502699714,couch_quiet
75.19354830352762,couch_quiet
73.65220227614851,couch_quiet
72.27653445997413,couch_quiet
70.82199991645847,couch_quiet
69.35372047006362,couch_quiet
67.9391851029494,couch_quiet
66.3879267690157,couch_quiet
64.8963968607762,couch_quiet
63.46800167681623,couch_quiet
61.975728950824376,couch_quiet
60.487405333680215,couch_quiet
58.94170045792578,couch_quiet
57.5340964936977,couch_quiet
56.07474600608981,couch_quiet
54.63060204145104,couch_quiet
53.26594787344325,couch_quiet
51.798587022483275,couch_quiet
50.415873628393506,couch_quiet
49.11711695975541,couch_quiet
47.50120152650501,couch_quiet
46.20757244681296,couch_quiet
44.67717024916433,couch_quiet
43.406917270445916,couch_quiet
42.02663424740049,couch_quiet
40.74895230848443,couch_quiet
39.43237096192867,couch_quiet
38.223761524023054,couch_quiet
37.24320434941221,couch_quiet
36.112348885798866,couch_quiet
35.19951207991854,couch_quiet
34.409621170807355,couch_quiet
33.56749972777297,couch_quiet
32.78537636500202,couch_quiet
32.091766995466635,couch_quiet
31.40430992961244,couch_quiet
30.82922643278442,couch_quiet
30.29121194831634,couch_quiet
29.851350101630082,couch_quiet
29.464269907431508,couch_quiet
29.06403642169344,couch_quiet
28.793230272304914,couch_quiet
28.541396359771912,couch_quiet
28.388347279499726,couch_quiet
28.266946459786435,couch_quiet
28.21109433284383,couch_quiet
28.20810013136363,couch_quiet
28.256755507533974,couch_quiet
28.350615088418557,couch_quiet
28.48245213852476,couch_quiet
28.66292206404693,couch_quiet
28.88552709186264,couch_quiet
29.1610400616143,couch_quiet
29.450796669585877,couch_quiet
29.7900752930744,couch_quiet
30.16472675456757,couch_quiet
30.55445158864231,couch_quiet
31.012544511982526,couch_quiet
31.481746263772457,couch_quiet
31.956266573054698,couch_quiet
32.477200479449245,couch_quiet
33.02139837788651,couch_quiet
33.61167712364687,couch_quiet
34.19652794273056,couch_quiet
34.82432247015479,couch_quiet
35.49453338580623,couch_quiet
36.150835960090355,couch_quiet
36.90096732131803,couch_quiet
37.51892198204422,couch_quiet
38.28240860574663,couch_quiet
39.24640101126833,couch_quiet
39.953093918231595,couch_quiet
40.71059263452267,couch_quiet
41.348573895640826,couch_quiet
42.00466723074797,couch_quiet
42.86007747074532,couch_quiet
43.48407972741322,couch_quiet
44.11538344389329,couch_quiet
44.67724795498705,couch_quiet
45.21907071458049,couch_quiet
45.73908439639574,couch_quiet
46.2145228431638,couch_quiet
46.74676503567857,couch_quiet
47.22632337250596,couch_quiet
47.62074044518656,couch_quiet
48.03605338242549,couch_quiet
48.41487732780631,couch_quiet
48.742893678647185,couch_quiet
49.01190532470969,couch_quiet
49.29947661082298,couch_quiet
49.5147547625191,couch_quiet
49.67807234072139,couch_quiet
49.852047810937165,couch_quiet
49.94389756608584,couch_quiet
49.99101761000694,couch_quiet
49.99715766839012,couch_quiet
49.95455015848884,couch_quiet
49.852047810937165,couch_quiet
49.71689850521163,couch_quiet
49.55474981057339,couch_quiet
49.356890193287164,couch_quiet
49.134793786995594,couch_quiet
48.8566548829361,couch_quiet
48.555865532134035,couch_quiet
48.23768923998262,couch_quiet
47.87422218722905,couch_quiet
47.48038611370463,couch_quiet
47.038412301358406,couch_quiet
46.60674327768429,couch_quiet
46.129743068542815,couch_quiet
45.627979782843184,couch_quiet
45.1030785362246,couch_quiet
44.532533463276685,couch_quiet
43.99076565554166,couch_quiet
43.406993980651166,couch_quiet
42.807354933783856,couch_quiet
42.22077125061279,couch_quiet
41.56847996784802,couch_quiet
40.933385748388844,couch_quiet
40.3187682994088,couch_quiet
39.67085970376354,couch_quiet
39.01966646927433,couch_quiet
38.33909301348224,couch_quiet
37.716452671414054,couch_quiet
36.84505156507696,couch_quiet
36.040688562539046,couch_quiet
35.359302567848395,couch_quiet
34.63951664766816,couch_quiet
33.9911185437813,couch_quiet
33.43729247811701,couch_quiet
32.8773133473575,couch_quiet
32.338973430767254,couch_quiet
31.80267008394066,couch_quiet
31.335943086749722,couch_quiet
30.875510356304037,couch_quiet
30.44522074301971,couch_quiet
30.06368542933623,couch_quiet
29.667959401422003,couch_quiet
29.35483725155637,couch_quiet
29.076227581054344,couch_quiet
28.82347991757299,couch_quiet
28.611719441926645,couch_quiet
28.436116901243384,couch_quiet
28.317232125178208,couch_quiet
28.23730522304696,couch_quiet
28.203957122685296,couch_quiet
28.216701601421832,couch_quiet
28.28929767726672,couch_quiet
28.400342903966497,couch_quiet
28.56587922847321,couch_quiet
28.782635000758894,couch_quiet
29.03841933992995,couch_quiet
29.387092875703505,couch_quiet
29.745288431118283,couch_quiet
30.171372556513262,couch_quiet
30.62835690900392,couch_quiet
31.157730845162956,couch_quiet
31.766178741919678,couch_quiet
32.402670003497846,couch_quiet
33.05997214691942,couch_quiet
33.79728652381646,couch_quiet
34.5851585388418,couch_quiet
35.46029120296862,couch_quiet
36.34876377575409,couch_quiet
37.24320434941221,couch_quiet
38.22376152402304,couch_quiet
39.203963878489816,couch_quiet
40.36637899568379,couch_quiet
41.43049911291825,couch_quiet
42.582557824621695,couch_quiet
43.72075064352867,couch_quiet
44.94672333281635,couch_quiet
46.26315108865345,couch_quiet
47.558156326951654,couch_quiet
48.82541803170176,couch_quiet
50.17793775150604,couch_quiet
51.495950526561415,couch_quiet
53.019766964564134,couch_quiet
54.38119802822164,couch_quiet
55.75941464528131,couch_quiet
57.21569042660461,couch_quiet
58.68503361138542,couch_quiet
60.229183446586504,couch_quiet
61.651744283230556,couch_quiet
63.14340567268614,couch_quiet
64.63673452588777,couch_quiet
66.06398318776212,couch_quiet
67.61660060886481,couch_quiet
69.09718644625717,couch_quiet
70.503874370751,couch_quiet
71.96165215910268,couch_quiet
73.40333830252551,couch_quiet
74.88731534077638,couch_quiet
76.22648705414127,couch_quiet
77.60201913977815,couch_quiet
78.94961177669805,couch_quiet
80.20980263737798,couch_quiet
81.6044314124359,couch_quiet
82.79604784671116,couch_quiet
83.9517676698295,couch_quiet
85.16884800069248,couch_quiet
86.24196870741736,couch_quiet
87.36354155078065,couch_quiet
88.3877746065771,couch_quiet
89.31889243119886,couch_quiet
90.23932454217845,couch_quiet
91.0670276115811,couch_quiet
91.94266453195411,couch_quiet
92.6541251027952,couch_quiet
93.33688885069296,couch_quiet
93.95550825281784,couch_quiet
94.48567689205447,couch_quiet
94.99379385043808,couch_quiet
95.41050987674194,couch_quiet
95.74358794700765,couch_quiet
96.05323781326686,couch_quiet
96.25020833136537,couch_quiet
96.37774770427603,couch_quiet
96.42448315401174,couch_quiet
96.39951361596482,couch_quiet
96.30015451732334,couch_quiet
96.13478511128832,couch_quiet
95.85052248228288,couch_quiet
95.50273457160733,couch_quiet
95.09269662732729,couch_quiet
94.51596225762549,couch_quiet
93.80987200389546,couch_quiet
92.99500920217224,couch_quiet
92.21112477412402,couch_quiet
90.96799040701552,couch_quiet
89.95670923674838,couch_quiet
88.95524429105137,couch_quiet
87.83928433327574,couch_quiet
86.70353399767652,couch_quiet
85.55812046457913,couch_quiet
84.30075385087684,couch_quiet
83.0426136996504,couch_quiet
81.5495283493635,couch_quiet
80.18205212993975,couch_quiet
78.76660722485906,couch_quiet
77.23789345622201,couch_quiet
75.66170704209742,couch_quiet
73.96927541089146,couch_quiet
72.15785862138966,couch_quiet
70.30061460885398,couch_quiet
67.70804405327034,couch_quiet
65.67913198020713,couch_quiet
63.454908175259426,couch_quiet
61.5202960075071,couch_quiet
58.82491713853846,couch_quiet
56.76113430787869,couch_quiet
54.59992940519182,couch_quiet
52.51201755499315,couch_quiet
50.50264477035944,couch_quiet
48.6597777842923,couch_quiet
46.65194596222945,couch_quiet
44.816985478537546,couch_quiet
42.824845253130206,couch_quiet
40.928578910782804,couch_quiet
39.129664628133725,couch_quiet
37.26774873681693,couch_quiet
35.50770273983815,couch_quiet
33.53610193199765,couch_quiet
31.829224135251387,couch_quiet
30.07600198107245,couch_quiet
28.357711250076246,couch_quiet
26.749554125882028,couch_quiet
25.037723851723655,couch_quiet
23.441727093608517,couch_quiet
21.958428185505525,couch_quiet
20.455513888800976,couch_quiet
19.003960338579965,couch_quiet
17.5466752223358,couch_quiet
16.207495362025902,couch_quiet
14.710078134292493,couch_quiet
13.347290561765105,couch_quiet
12.160715666724254,couch_quiet
10.821328575613457,couch_quiet
9.751944953059635,couch_quiet
8.801470202041628,couch_quiet
7.9620004386312475,couch_quiet
7.1301945358079095,couch_quiet
6.41190715753081,couch_quiet
5.798254367403091,couch_quiet
5.280386321744155,couch_quiet
4.756180127646478,couch_quiet
4.387367712099044,couch_quiet
4.051760058358797,couch_quiet
3.7971130765048544,couch_quiet
3.6567721475464805,couch_quiet
3.57669123804496,couch_quiet
3.595129553139409,couch_quiet
3.7043263326939164,couch_quiet
3.8700055245461082,couch_quiet
4.114222703145523,couch_quiet
4.492251097219979,couch_quiet
4.872039525397395,couch_quiet
5.380360794494695,couch_quiet
5.993785655122838,couch_quiet
6.578747299094132,couch_quiet
7.2532427969685145,couch_quiet
7.990342191156668,couch_quiet
8.824202137259917,couch_quiet
9.683270463203206,couch_quiet
10.55793193870567,couch_quiet
11.525583258883053,couch_quiet
12.499999999979375,couch_quiet
13.662573497394037,couch_quiet
14.731877436551931,couch_quiet
15.893545954313419,couch_quiet
17.044187190704687,couch_quiet
18.285819383945128,couch_quiet
19.620676894283,couch_quiet
20.87682691662146,couch_quiet
22.220561271129927,couch_quiet
23.592614364733556,couch_quiet
24.92881709520836,couch_quiet
26.409958746116352,couch_quiet
27.84932522955586,couch_quiet
29.24157421280261,couch_quiet
30.71038318811195,couch_quiet
32.12530300282229,couch_quiet
33.67684493703564,couch_quiet
35.16851426272969,couch_quiet
36.5969223925878,couch_quiet
38.08908387795371,couch_quiet
39.57717010946952,couch_quiet
41.12249462086376,couch_quiet
42.52963278021944,couch_quiet
43.98837866664258,couch_quiet
45.43180023791828,couch_quiet
46.795655712319714,couch_quiet
48.38312723944395,couch_quiet
50.23655463348549,couch_quiet
51.58070743850766,couch_quiet
52.89585240337968,couch_quiet
54.179732736005015,couch_quiet
55.48376156022493,couch_quiet
56.645141864699816,couch_quiet
57.82263937988674,couch_quiet
58.96081764326989,couch_quiet
60.011102242488676,couch_quiet
61.157176617360555,couch_quiet
62.12249428711087,couch_quiet
63.04605657983373,couch_quiet
64.00463615525096,couch_quiet
64.98397894805697,couch_quiet
65.83216494743647,couch_quiet
66.59375431012111,couch_quiet
67.27457514059913,couch_quiet
67.9359073467348,couch_quiet
68.54518315770292,couch_quiet
69.12503930032653,couch_quiet
69.62689784653588,couch_quiet
70.05752087991283,couch_quiet
70.45606587657488,couch_quiet
70.78799963409793,couch_quiet
71.10699933106852,couch_quiet
71.3368830674463,couch_quiet
71.5268370947003,couch_quiet
71.66591598638752,couch_quiet
71.75203317560334,couch_quiet
71.79456466406498,couch_quiet
71.7859801289598,couch_quiet
71.73359612700705,couch_quiet
71.633801580264,couch_quiet
71.48925412255454,couch_quiet
71.29221717721238,couch_quiet
71.06065631294574,couch_quiet
70.80150729766696,couch_quiet
70.49281949402405,couch_quiet
70.14725683172512,couch_quiet
69.74932951383973,couch_quiet
69.35287701441807,couch_quiet
68.90791853221405,couch_quiet
68.43379190102591,couch_quiet
67.91020213367756,couch_quiet
67.33604044952165,couch_quiet
66.78426527011703,couch_quiet
66.23746715623187,couch_quiet
65.64810267497168,couch_quiet
65.04287131034542,couch_quiet
64.39688703246256,couch_quiet
63.76637100638594,couch_quiet
63.12699674212376,couch_quiet
62.481078017955795,couch_quiet
61.859248251954355,couch_quiet
61.150471898909245,couch_quiet
60.52708487105592,couch_quiet
59.877940068097786,couch_quiet
59.233627904368845,couch_quiet
58.62387644528687,couch_quiet
57.94117622622285,couch_quiet
57.351437317988825,couch_quiet
56.74798329025922,couch_quiet
56.18510786141508,couch_quiet
55.564684906646164,couch_quiet
54.990445511264156,couch_quiet
54.46169225498166,couch_quiet
53.97728421533316,couch_quiet
53.494766752859164,couch_quiet
53.038224664573086,couch_quiet
52.59111546782465,couch_quiet
52.20885294966511,couch_quiet
51.83868176463665,couch_quiet
51.49979605616559,couch_quiet
51.20591588699751,couch_quiet
50.90898741113178,couch_quiet
50.68112092493222,couch_quiet
50.4852452374809,couch_quiet
50.31528574870908,couch_quiet
50.18144811094986,couch_quiet
50.080759225730304,couch_quiet
50.02192564027741,couch_quiet
50.00031582592805,couch_quiet
50.01403397961138,couch_quiet
50.0618478892096,couch_quiet
50.15717636654926,couch_quiet
50.29576998147139,couch_quiet
50.4771114642593,couch_quiet
50.750183455344796,couch_quiet
50.99965335191366,couch_quiet
51.34909886645791,couch_quiet
51.6874301693922,couch_quiet
52.04413825991227,couch_quiet
52.43147614585605,couch_quiet
52.8294933330856,couch_quiet
53.31294318735619,couch_quiet
53.76440024675681,couch_quiet
54.26091560360426,couch_quiet
54.7809292854195,couch_quiet
55.29876473717241,couch_quiet
55.88461655610672,couch_quiet
56.46468193915949,couch_quiet
57.03479772805176,couch_quiet
57.64489114110115,couch_quiet
58.267359088195114,couch_quiet
58.927829551508346,couch_quiet
59.56905198316853,couch_quiet
60.18793404502711,couch_quiet
60.838603710451736,couch_quiet
61.462441700393526,couch_quiet
62.17052153143204,couch_quiet
62.79066586979394,couch_quiet
63.433743148866895,couch_quiet
64.06916960374613,couch_quiet
64.6676758773608,couch_quiet
65.30781850947656,couch_quiet
65.90643171294573,couch_quiet
66.46327527922443,couch_quiet
67.02679118379992,couch_quiet
67.56905305036727,couch_quiet
68.10985245386449,couch_quiet
68.58105569331966,couch_quiet
69.04652268291926,couch_quiet
69.4821995845586,couch_quiet
69.86920863067247,couch_quiet
70.2715225269715,couch_quiet
70.59075352637137,couch_quiet
70.88786793209414,couch_quiet
71.14584345243858,couch_quiet
71.35446546312784,couch_quiet
71.53790285240792,couch_quiet
71.6689729526528,couch_quiet
71.75488535818079,couch_quiet
71.79502184399517,couch_quiet
71.78628593446226,couch_quiet
71.72597853182131,couch_quiet
71.61750737672278,couch_quiet
71.4665711561523,couch_quiet
71.2587673406643,couch_quiet
70.99926590290795,couch_quiet
70.67285962461649,couch_quiet
70.32342444193212,couch_quiet
69.90652300257332,couch_quiet
69.43680418986762,couch_quiet
68.9381182165337,couch_quiet
68.33919190841337,couch_quiet
67.71175983843213,couch_quiet
67.06304179469521,couch_quiet
66.33459513133582,couch_quiet
65.59037882919266,couch_quiet
64.68928008850128,couch_quiet
63.84847469625453,couch_quiet
62.92261727328437,couch_quiet
61.993292456905785,couch_quiet
60.977272517659344,couch_quiet
59.870147833508184,couch_quiet
58.76577601324002,couch_quiet
57.67124390768568,couch_quiet
56.43648192759852,couch_quiet
55.26905202960183,couch_quiet
53.90339871768781,couch_quiet
52.66931512568712,couch_quiet
51.34896065894341,couch_quiet
50.0,couch_quiet
48.68509781512404,couch_quiet
47.22578355779353,couch_quiet
45.80549149299209,couch_quiet
44.42942755007898,couch_quiet
42.91150061253277,couch_quiet
41.50726310224616,couch_quiet
39.964338236050665,couch_quiet
38.47779061616617,couch_quiet
37.05131597412892,couch_quiet
35.558038342618545,couch_quiet
34.000829820016584,couch_quiet
32.447958249526536,couch_quiet
30.96699598392377,couch_quiet
29.55982597484691,couch_quiet
28.03834784089731,couch_quiet
26.596661697474495,couch_quiet
25.05135320056533,couch_quiet
23.71316580847006,couch_quiet
22.338787857349416,couch_quiet
20.99247585122586,couch_quiet
19.733626784238016,couch_quiet
18.285819383945146,couch_quiet
17.097367630646357,couch_quiet
15.893545954313415,couch_quiet
14.731877436551937,couch_quiet
13.614978363412078,couch_quiet
12.454702203779167,couch_quiet
11.396360115477577,couch_quiet
10.435682771787997,couch_quiet
9.491632049444481,couch_quiet
8.64513825268493,couch_quiet
7.726974139576706,couch_quiet
7.011442697123942,couch_quiet
6.359141898918066,couch_quiet
5.771794701073604,couch_quiet
5.2298936858730745,couch_quiet
4.744279877304325,couch_quiet
4.355376991009341,couch_quiet
4.055002491784487,couch_quiet
3.8264910394302962,couch_quiet
3.665658873535138,couch_quiet
3.5833527822296953,couch_quiet
3.5834971518592744,couch_quiet
3.656772147546478,couch_quiet
3.81328452908182,couch_quiet
4.02875447825852,couch_quiet
4.35724727425294,couch_quiet
4.737926744506965,couch_quiet
5.172169281314895,couch_quiet
5.723643987132454,couch_quiet
6.299909399841888,couch_quiet
7.036086671459393,couch_quiet
7.754654374983547,couch_quiet
8.57568854994829,couch_quiet
9.46694659620363,couch_quiet
10.383978342268438,couch_quiet
11.50103368706975,couch_quiet
12.548491501955471,couch_quiet
13.706388617065539,couch_quiet
14.92670772729251,couch_quiet
16.150579294647365,couch_quiet
17.66581390916064,couch_quiet
19.003960338579944,couch_quiet
20.45551388880098,couch_quiet
21.958428185505504,couch_quiet
23.441727093608485,couch_quiet
25.108124070062313,couch_quiet
26.749554125881993,couch_quiet
28.357711250076242,couch_quiet
30.076001981072427,couch_quiet
31.829224135251376,couch_quiet
33.69262597752772,couch_quiet
35.42823342726015,couch_quiet
37.26774873681691,couch_quiet
39.12966462813371,couch_quiet
40.92857891078279,couch_quiet
42.99038364557214,couch_quiet
44.81698547853753,couch_quiet
46.73550398671861,couch_quiet
48.65977778429229,couch_quiet
50.502644770359424,couch_quiet
52.51201755499315,couch_quiet
54.433191518942465,couch_quiet
56.26356945896283,couch_quiet
58.16630019636349,couch_quiet
60.054644566896215,couch_quiet
62.00616389705641,couch_quiet
63.7749371801235,couch_quiet
65.60036458692196,couch_quiet
67.39837732052011,couch_quiet
69.08967329244285,couch_quiet
70.89969004221604,couch_quiet
72.59691860538868,couch_quiet
74.18339000919704,couch_quiet
75.80058411924819,couch_quiet
77.3727474481357,couch_quiet
78.96236850470383,couch_quiet
80.37139815444523,couch_quiet
81.79284255590967,couch_quiet
83.15918032530011,couch_quiet
84.41247094854526,couch_quiet
85.71765132739391,couch_quiet
86.90563823431035,couch_quiet
87.98268098864753,couch_quiet
89.04499365380539,couch_quiet
90.04059628197426,couch_quiet
91.00674308635018,couch_quiet
91.82581518689656,couch_quiet
92.6128498998338,couch_quiet
93.32801613398473,couch_quiet
93.94397588281927,couch_quiet
94.56220142770307,couch_quiet
95.0336917086553,couch_quiet
95.45350516951756,couch_quiet
95.78482277095279,couch_quiet
96.0575719578419,couch_quiet
96.26188150559787,couch_quiet
96.38082680322424,couch_quiet
96.42444820657568,couch_quiet
96.39708921900956,couch_quiet
96.30161427831028,couch_quiet
96.12087951902433,couch_quiet
95.87352655722054,couch_quiet
95.56991607538019,couch_quiet
95.18350128065686,couch_quiet
94.72775769014282,couch_quiet
94.17975154026479,couch_quiet
93.58669082571491,couch_quiet
92.95874915788961,couch_quiet
92.24050945263063,couch_quiet
91.46096079554515,couch_quiet
90.5842699948436,couch_quiet
89.68563496680869,couch_quiet
88.77454792822328,couch_quiet
87.77036518850997,couch_quiet
86.76254523690852,couch_quiet
85.5639080736238,couch_quiet
84.46458944942614,couch_quiet
83.16778389204987,couch_quiet
81.93284126361476,couch_quiet
80.7166259323262,couch_quiet
79.3537611146541,couch_quiet
78.0152475337547,couch_quiet
76.70791979329195,couch_quiet
75.25466637916736,couch_quiet
73.90047335386727,couch_quiet
72.40226754406551,couch_quiet
70.94906997850114,couch_quiet
69.54590860124318,couch_quiet
68.06811640243717,couch_quiet
66.58218693785855,couch_quiet
65.02620872781355,couch_quiet
63.597855430540946,couch_quiet
62.105376782415945,couch_quiet
60.61659475097829,couch_quiet
59.19866371565348,couch_quiet
57.59784934340247,couch_quiet
56.20108139419816,couch_quiet
54.8180109380769,couch_quiet
53.3275900114534,couch_quiet
51.98069344136941,couch_quiet
50.53513179048547,couch_quiet
49.17561518365404,couch_quiet
47.90108933843898,couch_quiet
46.59791463228323,couch_quiet
45.32686256979615,couch_quiet
44.03709385784846,couch_quiet
42.88953198174132,couch_quiet
41.727204736067776,couch_quiet
40.60489494970344,couch_quiet
39.570402093599036,couch_quiet
38.44295024210865,couch_quiet
37.49457163902853,couch_quiet
36.548254291840216,couch_quiet
35.64932774015975,couch_quiet
34.79890540876161,couch_quiet
33.96428893000701,couch_quiet
33.21591977038049,couch_quiet
32.54791093294865,couch_quiet
31.900114793455494,couch_quiet
31.32929358082926,couch_quiet
30.738953932321966,couch_quiet
30.25086601375201,couch_quiet
29.833423717350833,couch_quiet
29.402329421596722,couch_quiet
29.076993134004656,couch_quiet
28.793230272304914,couch_quiet
28.574233799443086,couch_quiet
28.412720689640437,couch_quiet
28.293351770143932,couch_quiet
28.22378268516196,couch_quiet
28.203297022710665,couch_quiet
28.23028840632867,couch_quiet
28.304208525257838,couch_quiet
28.42362589061937,couch_quiet
28.579190876690962,couch_quiet
28.793500735208184,couch_quiet
29.040992812425834,couch_quiet
29.314778668946925,couch_quiet
29.638108282296518,couch_quiet
29.997607617110546,couch_quiet
30.409294834660898,couch_quiet
30.817632950642615,couch_quiet
31.274249212255576,couch_quiet
31.75922646846942,couch_quiet
32.247720841256864,couch_quiet
32.805820677933234,couch_quiet
33.36310298021591,couch_quiet
33.91462305509023,couch_quiet
34.508346599521595,couch_quiet
35.11734102901257,couch_quiet
35.766612076865584,couch_quiet
36.37194975506599,couch_quiet
37.01294348010036,couch_quiet
37.65997909452799,couch_quiet
38.28240860574663,couch_quiet
38.96295952825483,couch_quiet
39.61433242002959,couch_quiet
40.23452355633148,couch_quiet
40.877770081611615,couch_quiet
41.5136104580864,couch_quiet
42.16687715065986,couch_quiet
42.754527404159425,couch_quiet
43.35545319085048,couch_quiet
43.94068195490694,couch_quiet
44.4839976828798,couch_quiet
45.07975795249869,couch_quiet
45.583230718369,couch_quiet
46.0656661272536,couch_quiet
46.54598547822259,couch_quiet
47.00019807640933,couch_quiet
47.44474497476865,couch_quiet
47.84116370477918,couch_quiet
48.19204475532651,couch_quiet
48.52815747076021,couch_quiet
48.8193018456998,couch_quiet
49.113032946338144,couch_quiet
49.33801708870383,couch_quiet
49.5389540326748,couch_quiet
49.72929301786127,couch_quiet
49.852047810937165,couch_quiet
49.94389756608584,couch_quiet
49.98985989016164,couch_quiet
49.99912271273477,couch_quiet
49.97249865102208,couch_quiet
49.908843871307695,couch_quiet
49.80315939979732,couch_quiet
49.664583774878004,couch_quiet
49.498285409766694,couch_quiet
49.289676354711204,couch_quiet
49.05749661572437,couch_quiet
48.75578546683573,couch_quiet
48.45781487895647,couch_quiet
48.114785012652064,couch_quiet
47.7406180993181,couch_quiet
47.35468457641518,couch_quiet
46.90375230084489,couch_quiet
46.42314038375093,couch_quiet
45.957944325282575,couch_quiet
45.447944488420774,couch_quiet
44.915391265752426,couch_quiet
44.33751431389853,couch_quiet
43.76434727324687,couch_quiet
43.200123605934756,couch_quiet
42.59542815495545,couch_quiet
42.00466723074796,couch_quiet
41.32100721989749,couch_quiet
40.71059263452267,couch_quiet
40.06577254746519,couch_quiet
39.41631245047289,couch_quiet
38.792806597876336,couch_quiet
38.112431166985644,couch_quiet
37.46255384525044,couch_quiet
36.84505156507696,couch_quiet
36.20601431667198,couch_quiet
35.57593592069858,couch_quiet
34.87736645041171,couch_quiet
34.2999855421652,couch_quiet
33.71210845734949,couch_quiet
33.14256590365689,couch_quiet
32.61701091955854,couch_quiet
32.06742408232939,couch_quiet
31.56620809897409,couch_quiet
31.11210399548121,couch_quiet
30.665834837977393,couch_quiet
30.113919044918475,couch_quiet
29.698082865419714,couch_quiet
29.28843145037585,couch_quiet
28.939343687054272,couch_quiet
28.66292206404694,couch_quiet
28.45547759593876,couch_quiet
28.312805080156544,couch_quiet
28.232539114378483,couch_quiet
28.20310254653935,couch_quiet
28.225783844530326,couch_quiet
28.310510416214733,couch_quiet
28.44534029727741,couch_quiet
28.61746107128571,couch_quiet
28.847676817089543,couch_quiet
29.12980850882165,couch_quiet
29.448635601191203,couch_quiet
29.942479120087157,couch_quiet
30.414646371734,couch_quiet
30.92109349392026,couch_quiet
31.48021902703109,couch_quiet
32.091766995466635,couch_quiet
32.785376365002016,couch_quiet
33.47045877120893,couch_quiet
34.270889808608715,couch_quiet
35.422759966050066,couch_quiet
36.34876377575409,couch_quiet
37.57905999825155,couch_quiet
38.531220242258286,couch_quiet
39.57040209359903,couch_quiet
40.79712857696975,couch_quiet
41.926523693407944,couch_quiet
43.30286982894507,couch_quiet
44.56981531771622,couch_quiet
45.82026726399498,couch_quiet
47.10414759662032,couch_quiet
48.36149251563638,couch_quiet
49.82250889380474,couch_quiet
51.13426075412545,couch_quiet
52.5293097967727,couch_quiet
53.946084903702,couch_quiet
55.319211316003894,couch_quiet
57.59784934340246,couch_quiet
59.13439592340858,couch_quiet
60.61659475097827,couch_quiet
62.23505258774967,couch_quiet
63.72771506161685,couch_quiet
65.73984533126296,couch_quiet
68.00365832009719,couch_quiet
70.24892695591905,couch_quiet
72.15067477044414,couch_quiet
73.90047335386727,couch_quiet
75.43775919198723,couch_quiet
76.76787993168652,couch_quiet
78.13282593480861,couch_quiet
79.46869644557613,couch_quiet
80.7166259323262,couch_quiet
82.04174907071513,couch_quiet
83.27331591285403,couch_quiet
84.41366915947151,couch_quiet
85.5639080736238,couch_quiet
86.66870678537552,couch_quiet
87.77036518850997,couch_quiet
88.731970362441,couch_quiet
89.68563496680869,couch_quiet
90.5842699948436,couch_quiet
91.39034003653468,couch_quiet
92.30542619871989,couch_quiet
92.98855730287605,couch_quiet
93.64085810108193,couch_quiet
94.22820529892638,couch_quiet
94.74899631698334,couch_quiet
95.21987327796893,couch_quiet
95.58512462596391,couch_quiet
95.8978925819154,couch_quiet
96.13897217480141,couch_quiet
96.30161427831027,couch_quiet
96.40241680267224,couch_quiet
96.42330876195504,couch_quiet
96.37346427571894,couch_quiet
96.24082543961288,couch_quiet
96.04727955213492,couch_quiet
95.72970162971433,couch_quiet
95.22542485938209,couch_quiet
94.78496635356694,couch_quiet
94.22675547554468,couch_quiet
93.61629983957204,couch_quiet
92.90131138199135,couch_quiet
92.10765347890225,couch_quiet
91.19852979795837,couch_quiet
90.28915863730438,couch_quiet
89.35513670698376,couch_quiet
88.21921278269959,couch_quiet
87.15557074665955,couch_quiet
85.98120831473528,couch_quiet
84.74492142997121,couch_quiet
83.44869598241391,couch_quiet
81.6713930701772,couch_quiet
80.24526686174649,couch_quiet
78.8319558982009,couch_quiet
76.96711013922288,couch_quiet
75.45275680186037,couch_quiet
73.25044587411799,couch_quiet
71.56834735395944,couch_quiet
69.16584253186103,couch_quiet
67.32081561110681,couch_quiet
65.52154536114224,couch_quiet
63.61501322534002,couch_quiet
61.763406093766726,couch_quiet
59.97288690711724,couch_quiet
58.08384780274859,couch_quiet
56.1805673277775,couch_quiet
54.18297456999154,couch_quiet
52.344700855414786,couch_quiet
50.41887320205903,couch_quiet
48.49230697535475,couch_quiet
46.65194596222945,couch_quiet
44.650541024974345,couch_quiet
42.74211177468581,couch_quiet
40.928578910782804,couch_quiet
39.048290082485124,couch_quiet
37.187280566274666,couch_quiet
35.26944037470938,couch_quiet
33.53610193199765,couch_quiet
31.75231172169829,couch_quiet
30.000545587512597,couch_quiet
28.357711250076246,couch_quiet
26.605165605427054,couch_quiet
24.967406068383795,couch_quiet
23.441727093608517,couch_quiet
21.892050026259593,couch_quiet
20.391316962111482,couch_quiet
18.8802460473263,couch_quiet
17.5466752223358,couch_quiet
15.980495250171616,couch_quiet
14.710078134292493,couch_quiet
13.500478210320567,couch_quiet
12.305215880167172,couch_quiet
11.271329534476841,couch_quiet
10.255258961056349,couch_quiet
9.306955281686884,couch_quiet
8.464588760389436,couch_quiet
7.585575954714192,couch_quiet
6.881976420047867,couch_quiet
6.244741398652201,couch_quiet
5.650291843574595,couch_quiet
5.129868561786452,couch_quiet
4.666330069549504,couch_quiet
4.313132883497286,couch_quiet
4.017465278104571,couch_quiet
3.7971130765048544,couch_quiet
3.6520269830884606,couch_quiet
3.5806636302396666,couch_quiet
3.588609792384387,couch_quiet
3.665658873535141,couch_quiet
3.8182007016971244,couch_quiet
4.04356572657385,couch_quiet
4.355376991009338,couch_quiet
4.708959022885692,couch_quiet
5.1467423091341615,couch_quiet
5.820248459735214,couch_quiet
6.440576675995197,couch_quiet
7.2226019538745305,couch_quiet
7.923808154054677,couch_quiet
8.716429819614076,couch_quiet
9.567965264476566,couch_quiet
10.435682771787981,couch_quiet
11.482410011411375,couch_quiet
12.454702203779147,couch_quiet
13.520056653036956,couch_quiet
14.632941440790834,couch_quiet
15.790819815590346,couch_quiet
17.044187190704687,couch_quiet
18.285819383945128,couch_quiet
19.677119883968086,couch_quiet
21.10835888389199,couch_quiet
22.457226684209996,couch_quiet
23.89434884287548,couch_quiet
25.296929734060058,couch_quiet
26.65896849195467,couch_quiet
28.227644234488338,couch_quiet
29.687299928979034,couch_quiet
31.288189352363425,couch_quiet
33.02956205600021,couch_quiet
34.519584295073045,couch_quiet
36.14242136222369,couch_quiet
37.63524554480193,couch_quiet
39.318791745952204,couch_quiet
40.80133628434651,couch_quiet
42.27457514063854,couch_quiet
43.79891860580184,couch_quiet
45.30696185748328,couch_quiet
46.85722053364526,couch_quiet
48.26202824575067,couch_quiet
49.70319158259244,couch_quiet
51.05806160501206,couch_quiet
52.38483122119101,couch_quiet
53.73684891134655,couch_quiet
54.94499264642343,couch_quiet
56.226698848868665,couch_quiet
57.51918335963143,couch_quiet
58.667792072619555,couch_quiet
59.823002397261526,couch_quiet
60.841469696416354,couch_quiet
61.863317033422206,couch_quiet
62.839882674130905,couch_quiet
63.730402517668566,couch_quiet
64.68928008850126,couch_quiet
65.48533899654142,couch_quiet
66.39996116611103,couch_quiet
67.30440472307798,couch_quiet
68.33919190841334,couch_quiet
69.05569069904567,couch_quiet
69.94487159200692,couch_quiet
70.34035339981764,couch_quiet
70.70223997094112,couch_quiet
71.01163034620677,couch_quiet
71.27888186244762,couch_quiet
71.51234887450254,couch_quiet
71.66091721674344,couch_quiet
71.75203317560334,couch_quiet
71.79304436378972,couch_quiet
71.7859801289598,couch_quiet
71.73359612700705,couch_quiet
71.633801580264,couch_quiet
71.48925412255454,couch_quiet
71.31039947205387,couch_quiet
71.07157224801612,couch_quiet
70.80150729766696,couch_quiet
70.50702039793593,couch_quiet
70.16302358556776,couch_quiet
69.78389569072613,couch_quiet
69.35287701441807,couch_quiet
68.90791853221405,couch_quiet
68.39125299382192,couch_quiet
67.82023862100323,couch_quiet
67.24163412297219,couch_quiet
66.61220419261412,couch_quiet
65.90643171294573,couch_quiet
65.30781850947656,couch_quiet
64.6406974321516,couch_quiet
64.01427743527209,couch_quiet
63.294514685687886,couch_quiet
62.62193500704569,couch_quiet
61.97250560442684,couch_quiet
61.29227869380602,couch_quiet
60.668625268120415,couch_quiet
59.96238440079591,couch_quiet
59.20575802261194,couch_quiet
58.56882887963003,couch_quiet
57.94117622622285,couch_quiet
57.32490784572662,couch_quiet
56.69620633012893,couch_quiet
56.109535071191075,couch_quiet
55.46746653672333,couch_quiet
54.92024204750131,couch_quiet
54.39437294204814,couch_quiet
53.870256931457185,couch_quiet
53.413459751000474,couch_quiet
52.961587698641594,couch_quiet
52.53740698870341,couch_quiet
52.15883629522082,couch_quiet
51.762310760017364,couch_quiet
51.444134467865965,couch_quiet
51.143345117063895,couch_quiet
50.87605416096287,couch_quiet
50.6525132169846,couch_quiet
50.4452501894266,couch_quiet
50.28310149478837,couch_quiet
50.16189233779195,couch_quiet
50.07098963764536,couch_quiet
50.01698040616945,couch_quiet
50.00014036742804,couch_quiet
50.02020716236442,couch_quiet
50.077432968106365,couch_quiet
50.17153190450763,couch_quiet
50.29576998147139,couch_quiet
50.4771114642593,couch_quiet
50.67151883298605,couch_quiet
50.908987411131776,couch_quiet
51.180698154300195,couch_quiet
51.471842529239794,couch_quiet
51.82328887981564,couch_quiet
52.192123674739264,couch_quiet
52.57315788776587,couch_quiet
52.99980192359067,couch_quiet
53.45401452177741,couch_quiet
53.95578589323474,couch_quiet
54.46169225498166,couch_quiet
54.967004215346705,couch_quiet
55.51600231712021,couch_quiet
56.059318045093065,couch_quiet
56.696206330128916,couch_quiet
57.27192531804382,couch_quiet
57.88710579675109,couch_quiet
58.51385148624108,couch_quiet
59.122229918388385,couch_quiet
59.79357800214275,couch_quiet
60.442218247724114,couch_quiet
61.06539641484453,couch_quiet
61.717591394253375,couch_quiet
62.368247201334164,couch_quiet
63.04306820014092,couch_quiet
63.683427263896476,couch_quiet
64.28796956526348,couch_quiet
64.90942345784758,couch_quiet
65.5178015514831,couch_quiet
66.1362083699974,couch_quiet
66.68617073673262,couch_quiet
67.24163412297219,couch_quiet
67.77497832206522,couch_quiet
68.26242094839014,couch_quiet
68.76661221782922,couch_quiet
69.22066481886455,couch_quiet
69.6263867341632,couch_quiet
70.0187500212931,couch_quiet
70.37671477370971,couch_quiet
70.71156854962413,couch_quiet
70.99356853853777,couch_quiet
71.2260961822041,couch_quiet
71.42873932531941,couch_quiet
71.58249443508736,couch_quiet
71.70804087793549,couch_quiet
71.7739478293548,couch_quiet
71.79701481440449,couch_quiet
71.77212248151423,couch_quiet
71.70249997930685,couch_quiet
71.57451887511655,couch_quiet
71.40012092291147,couch_quiet
71.185285269101,couch_quiet
70.90995133139623,couch_quiet
70.5823346222474,couch_quiet
70.1844028789915,couch_quiet
69.76915715367215,couch_quiet
69.28336494295765,couch_quiet
68.7448293639412,couch_quiet
68.18054301183051,couch_quiet
67.51047895780712,couch_quiet
66.81546326778647,couch_quiet
66.10279830108674,couch_quiet
65.30839014483209,couch_quiet
64.46436999824736,couch_quiet
63.53181140194351,couch_quiet
62.58956765439328,couch_quiet
61.64498049891322,couch_quiet
60.61347526866243,couch_quiet
59.58607640838917,couch_quiet
58.37200133613249,couch_quiet
57.2130832862844,couch_quiet
56.068630615058986,couch_quiet
54.83644619604124,couch_quiet
53.62550639104947,couch_quiet
52.213449804280664,couch_quiet
50.941328708148426,couch_quiet
49.5841263716065,couch_quiet
48.20141297751674,couch_quiet
46.857220533645275,couch_quiet
45.36939795854897,couch_quiet
43.9252539939102,couch_quiet
42.529632780219444,couch_quiet
41.05829954207424,couch_quiet
39.577170109469535,couch_quiet
38.02427104917564,couch_quiet
36.53199832318378,couch_quiet
35.10360313922381,couch_quiet
33.6120732309843,couch_quiet
32.18980575113961,couch_quiet
30.582196181191726,couch_quiet
29.17800008354154,couch_quiet
27.72346554002588,couch_quiet
26.285673757657992,couch_quiet
24.928817095208384,couch_quiet
23.412147900144376,couch_quiet
22.102548837497228,couch_quiet
20.76141396667281,couch_quiet
19.451733709221926,couch_quiet
18.231049160758225,couch_quiet
16.938051068542922,couch_quiet
15.739576833147288,couch_quiet
14.632941440790841,couch_quiet
13.52005665303696,couch_quiet
12.454702203779167,couch_quiet
11.396360115477577,couch_quiet
10.435682771787997,couch_quiet
9.567965264476584,couch_quiet
8.716429819614074,couch_quiet
7.923808154054682,couch_quiet
7.1616759512171395,couch_quiet
6.5231129820906,couch_quiet
5.918661916049353,couch_quiet
5.380360794494698,couch_quiet
4.92875713701949,couch_quiet
4.492251097219979,couch_quiet
4.176829253592618,couch_quiet
3.916951411721656,couch_quiet
3.7294754977864777,couch_quiet
3.618679136233135,couch_quiet
3.574900226289765,couch_quiet
3.6091923515113558,couch_quiet
3.718342271659361,couch_quiet
3.902682375537786,couch_quiet
4.149477517717112,couch_quiet
4.497265428392674,couch_quiet
4.907303372672716,couch_quiet
5.392120985901433,couch_quiet
5.951244043379526,couch_quiet
6.584050309991785,couch_quiet
7.354554216935688,couch_quiet
8.138485601174944,couch_quiet
8.99325691364981,couch_quiet
9.959403718025724,couch_quiet
10.955006346194605,couch_quiet
12.160715666724233,couch_quiet
13.245760691665728,couch_quiet
14.495288304608769,couch_quiet
15.81141110330025,couch_quiet
17.133046401897538,couch_quiet
18.634043955774185,couch_quiet
20.07179603731271,couch_quiet
21.561551516920087,couch_quiet
23.168815714662202,couch_quiet
24.686963822145664,couch_quiet
26.4610865237875,couch_quiet
28.136317975173625,couch_quiet
29.849831920694854,couch_quiet
31.598668789065183,couch_quiet
33.379796603434855,couch_quiet
35.348812551495456,couch_quiet
37.10685501454759,couch_quiet
38.966951987960925,couch_quiet
40.92857891078279,couch_quiet
42.82484525313018,couch_quiet
44.81698547853753,couch_quiet
46.73550398671861,couch_quiet
48.65977778429229,couch_quiet
50.67018260066505,couch_quiet
52.59566348357235,couch_quiet
54.68327549118726,couch_quiet
56.59536652014952,couch_quiet
58.49583503076468,couch_quiet
60.462925331536624,couch_quiet
62.32928045917333,couch_quiet
64.33321437552571,couch_quiet
66.15063332300454,couch_quiet
67.93967786752714,couch_quiet
69.7728873465203,couch_quiet
71.49433454074178,couch_quiet